{
  "timestamp": "20260501_145752",
  "source_markets": [
    "ca",
    "es",
    "fr",
    "in",
    "it",
    "jp",
    "mx",
    "us"
  ],
  "target_market": "de",
  "category": "Electronics",
  "config": {
    "embed_dim": 64,
    "n_layers": 3,
    "n_prompts": 10,
    "alpha": 0.5,
    "beta": 1.0,
    "gamma": 1.0,
    "student_lr": 0.0001,
    "student_batch": 16,
    "student_epochs": 250,
    "wrd_K": 50,
    "wrd_lambda": 1.0,
    "wrd_mu": 1.0,
    "amrdd_temp": 1.0,
    "pretrain_epochs": 300,
    "teacher_epochs": 500
  },
  "data_stats": {
    "n_users": 148118,
    "n_items": 24374,
    "combined_edges": 1010194,
    "target_train_edges": 51383,
    "val_users": 11393,
    "test_users": 11393
  },
  "metrics": {
    "baseline": {
      "full/Recall@10": 0.40182568243658384,
      "full/Recall@20": 0.46592937183650784,
      "full/NDCG@10": 0.3206862363335783,
      "full/NDCG@20": 0.33685806764143006,
      "sampled/Recall@10": 0.9953480207144738,
      "sampled/Recall@20": 0.9991222680593347,
      "sampled/NDCG@10": 0.8536385624612498,
      "sampled/NDCG@20": 0.8546390715386213
    },
    "teacher": {
      "full/Recall@10": 0.3387825857982972,
      "full/Recall@20": 0.38094297668158816,
      "full/NDCG@10": 0.25881302966264574,
      "full/NDCG@20": 0.2692065069913337,
      "sampled/Recall@10": 0.9952602475204073,
      "sampled/Recall@20": 0.9996489072237339,
      "sampled/NDCG@10": 0.8336398203441919,
      "sampled/NDCG@20": 0.8348372653219215
    },
    "dcmpt": {
      "full/Recall@10": 0.40745048128968087,
      "full/Recall@20": 0.469747505778402,
      "full/NDCG@10": 0.30409588288626793,
      "full/NDCG@20": 0.3196693259232763,
      "sampled/Recall@10": 0.9950847011322742,
      "sampled/Recall@20": 0.9993855876415343,
      "sampled/NDCG@10": 0.8467538027602788,
      "sampled/NDCG@20": 0.8479082443246139
    }
  },
  "total_time_seconds": 1643.7
}