{
  "timestamp": "20260426_193513",
  "source_markets": [
    "ca",
    "es",
    "fr",
    "in",
    "it",
    "jp",
    "mx",
    "uk",
    "us"
  ],
  "target_market": "de",
  "category": "Electronics",
  "config": {
    "embed_dim": 64,
    "n_layers": 3,
    "n_prompts": 10,
    "alpha": 0.5,
    "beta": 1.0,
    "gamma": 1.0,
    "student_lr": 0.0001,
    "student_batch": 16,
    "student_epochs": 300,
    "wrd_K": 50,
    "wrd_lambda": 1.0,
    "wrd_mu": 1.0,
    "amrdd_temp": 1.0,
    "pretrain_epochs": 300,
    "teacher_epochs": 200
  },
  "data_stats": {
    "n_users": 169168,
    "n_items": 24590,
    "combined_edges": 1179541,
    "target_train_edges": 51383,
    "val_users": 11393,
    "test_users": 11393
  },
  "metrics": {
    "baseline": {
      "Recall@10": 0.28133503028175194,
      "Recall@20": 0.3640027502267474,
      "NDCG@10": 0.18852601062299335,
      "NDCG@20": 0.2097639816891211
    },
    "dcmpt": {
      "Recall@10": 0.3082814008601773,
      "Recall@20": 0.3731750490067,
      "NDCG@10": 0.22706754226091364,
      "NDCG@20": 0.24350128239955884
    }
  },
  "total_time_seconds": 6962.8
}