{
  "timestamp": "20260430_171813",
  "source_markets": [
    "ca",
    "es",
    "fr",
    "in",
    "it",
    "jp",
    "mx",
    "us",
    "us"
  ],
  "target_market": "jp",
  "category": "Electronics",
  "config": {
    "embed_dim": 64,
    "n_layers": 3,
    "n_prompts": 10,
    "alpha": 0.5,
    "beta": 1.0,
    "gamma": 1.0,
    "student_lr": 0.0001,
    "student_batch": 16,
    "student_epochs": 250,
    "wrd_K": 50,
    "wrd_lambda": 1.0,
    "wrd_mu": 1.0,
    "amrdd_temp": 1.0,
    "pretrain_epochs": 300,
    "teacher_epochs": 500
  },
  "data_stats": {
    "n_users": 136732,
    "n_items": 24279,
    "combined_edges": 958821,
    "target_train_edges": 7955,
    "val_users": 1813,
    "test_users": 1813
  },
  "metrics": {
    "baseline": {
      "full/Recall@10": 0.36569222283507996,
      "full/Recall@20": 0.4362934362934363,
      "full/NDCG@10": 0.24134664592280622,
      "full/NDCG@20": 0.2587984220946475,
      "sampled/Recall@10": 0.9988968560397132,
      "sampled/Recall@20": 0.9994484280198566,
      "sampled/NDCG@10": 0.8986772524397935,
      "sampled/NDCG@20": 0.8988311095526733
    },
    "dcmpt": {
      "full/Recall@10": 0.36403750689464975,
      "full/Recall@20": 0.42360728075013787,
      "full/NDCG@10": 0.23252584120803635,
      "full/NDCG@20": 0.24716833010159792,
      "sampled/Recall@10": 1.0,
      "sampled/Recall@20": 1.0,
      "sampled/NDCG@10": 0.894790456850481,
      "sampled/NDCG@20": 0.894790456850481
    }
  },
  "total_time_seconds": 3074.2
}